us_state,us_state_code,uk_city,india_city,sa_city
Alabama,AL,London,Delhi,Johannesburg
Alaska,AK,Birmingham,Mumbai,Soweto
Arizona,AZ,Leeds,Kolkata,Vereeniging
Arkansas,AR,Glasgow,Bangalore,Pretoria
California,CA,Bristol,Chennai,Cape Town
Colorado,CO,Manchester,Hyderabad,Bloemfontein
Connecticut,CT,Sheffield,Pune,Pietermaritzburg
Delaware,DE,Liverpool,Ahmedabad,Durban
District of Columbia,DC,Edinburgh,Allahabad,Welkom
Florida,FL,Leicester,Surat,East London
Georgia,GA,Coventry,Lucknow,Randburg
Hawaii,HI,Caerdydd,Jaipur,Roodepoort
Idaho,ID,Belfast,Cawnpore,Port Elizabeth
Illinois,IL,Newcastle,Mirzapur,Springs
Indiana,IN,Bradford,Nagpur,Centurion
Iowa,IA,Nottingham,Ghaziabad,Sandton
Kansas,KS,Ipswich,Vadodara,Polokwane
Kentucky,KY,Bolton,Vishakhapatnam,Klerksdorp
Louisiana,LA,Sunderland,Indore,Rustenburg
Maine,ME,Southampton,Thane,Kimberley
Montana,MT,Plymouth,Bhopal,Bhisho
Nebraska,NE,Westminster,Patna,Benoni
Nevada,NV,Kingston upon Hull,Bilaspur,George
New Hampshire,NH,Derby,Ludhiana,Middelburg
New Jersey,NJ,Wolverhampton,Agra,Vryheid
New Mexico,NM,Stoke-on-Trent,Kalyan,Potchefstroom
New York,NY,Portsmouth,Madurai,Umtata
North Carolina,NC,Barnsley,Jamshedpur,Brits
North Dakota,ND,Abertawe,Nasik,Alberton
Ohio,OH,Swindon,Faridabad,Upington
Oklahoma,OK,Luton,Aurangabad,Paarl
Oregon,OR,Northampton,Rajkot,Uitenhage
Maryland,MD,Solihull,Meerut,Queenstown
Massachusetts,MA,Milton Keynes,Jabalpur,Kroonstad
Michigan,MI,Aberdeen,Dhanbad,Mmabatho
Minnesota,MN,Norwich,Varanasi,Bethal
Mississippi,MS,Peterborough,Srinagar,Thohoyandou
Missouri,MO,Basildon,Amritsar,Saldanha
Pennsylvania,PA,Bournemouth,Aligarh,Vryburg
Rhode Island,RI,York,Guwahati,Vredenburg
South Carolina,SC,Warrington,Bhilai,Cradock
South Dakota,SD,Huddersfield,Haora,Ulundi
Tennessee,TN,Reading,Ranchi,Mahikeng
Texas,TX,Southend,Gwalior,Saron
Utah,UT,Oxford,Bezwada,Nelspruit
Vermont,VT,Gloucester,Chandigarh,Worcester
Virginia,VA,West Bromwich,Jodhpur,Vanderbijlpark
Washington,WA,Dundee,Mysore,Grahamstown
West Virginia,WV,Poole,Raipur,Standerton
Wisconsin,WI,Newport,Kota,Brakpan
Wyoming,WY,Birkenhead,New Delhi,Tzaneen
,,Blackpool,Bareilly,Graaff-Reinet
,,Telford,Coimbatore,Oudtshoorn
,,Preston,Solapur,Mossel Bay
,,Middlesbrough,Trichinopoly,Port Shepstone
,,Sale,Hubli,Knysna
,,Brighton,Jalandhar,Ladysmith
,,High Wycombe,Bhubaneshwar,Kuilsrivier
,,Cambridge,Moradabad,Beaufort West
,,Exeter,Kolhapur,Aliwal North
,,Colchester,Thiruvananthapuram,Volksrust
,,Gateshead,Bhiwandi,Musina
,,Blackburn,Saharanpur,Malmesbury
,,Slough,Warangal,Lebowakgomo
,,Chelmsford,Salem,De Aar
,,Cheltenham,Malegaon,Jeffrey's Bay
,,Rochdale,Kochi,Lichtenburg
,,Rotherham,Gorakhpur,Hermanus
,,Doncaster,Shimoga,Carletonville
,,Maidstone,Guntur,Robertson
,,Basingstoke,Tiruppur,Bronkhorstspruit
,,Worthing,Raurkela,Komatipoort
,,Crawley,Mangalore,Port Alfred
,,Salford,Nanded,Middelburg
,,Saint Helens,Cuttack,Swellendam
,,Worcester,Tumkur,Bloemhof
,,Gillingham,Chanda,Bethlehem
,,Eastbourne,Dehra Dun,Montagu
,,Wigan,Durgapur,Bredasdorp
,,Hove,Asansol,Phalaborwa
,,Lincoln,Bhavnagar,Caledon
,,Rayleigh,Nellore,Moorreesburg
,,Hemel Hempstead,Amravati,Colesberg
,,Bath,Ajmer,Piketberg
,,Darlington,Tinnevelly,Brandfort
,,Wimbledon,Bikaner,Prieska
,,Watford,Agartala,Velddrif
,,Hastings,Ujjain,Kuruman
,,Nuneaton,Ulhasnagar,Saint Helena Bay
,,Stevenage,Jhansi,Springbok
,,Hartlepool,Davangere,Villiersdorp
,,Chester,Jammu,Darling
,,Aylesbury,Belgaum,Tulbagh
,,Burnley,Gulbarga,Citrusdal
,,Saint Albans,Jamnagar,Clanwilliam
,,Chatham,Dhulia,Porterville
,,Batley,Gaya,Kleinmond
,,Scunthorpe,Jalgaon,Vanrhynsdorp
,,Dudley,Kurnool,Klawer
,,Weston-super-Mare,Udaipur,Carnarvon
,,South Shields,Bellary,Genadendal
,,Bury,Sangli,Hopefield
,,Paisley,Tuticorin,Port Saint John's
,,Mansfield,Calicut,Lambert's Bay
,,Bracknell,Akola,Riviersonderend
,,Carlisle,Bhagalpur,Onrus
,,East Kilbride,Quilon,Pofadder
,,Burton upon Trent,Sikar,Alexander Bay
,,Crewe,Bhatpara,Ubombo
,,Newcastle under Lyme,Kakinada,
,,Harrogate,Bhilwara,
,,Rugby,Nizamabad,
,,Tamworth,Panihati,
,,Lowestoft,Parbhani,
,,Gosport,Rohtak,
,,Grays,Latur,
,,Walton upon Thames,Rajapalaiyam,
,,Gravesend,Ahmadnagar,
,,Walsall,Rajahmundry,
,,Tynemouth,Cuddapah,
,,Paignton,Muzaffarpur,
,,Rochester,Alwar,
,,Washington,Brahmapur,
,,Ashford,Kamarhati,
,,Merthyr Tudful,Mathura,
,,Scarborough,Patiala,
,,Farnborough,Saugor,
,,Stourbridge,Bijapur,
,,Hereford,Shahjanpur,
,,Dewsbury,Junagadh,
,,Loughborough,Trichur,
,,Wrecsam,Barddhaman,
,,Kettering,Purnea,
,,Ellesmere Port,Sambalpur,
,,Bangor,Firozabad,
,,Runcorn,Hisar,
,,Taunton,Rampur,
,,Littlehampton,Bali,
,,Wallasey,Panipat,
,,Bebington,Aizawl,
,,Macclesfield,Karimnagar,
,,Royal Tunbridge Wells,Bhuj,
,,Folkestone,Ichalkaranji,
,,Royal Leamington Spa,Hospet,
,,Crosby,Bhatinda,
,,Stratford,Sannai,
,,Kidderminster,Barasat,
,,Altrincham,Ratlam,
,,Weymouth,Drug,
,,Barri,Handwara,
,,Dunfermline,Imphal,
,,Bootle,Anantapur,
,,Hamilton,Etawah,
,,Lancaster,Raichur,
,,Cumbernauld,Bharatpur,
,,Brentwood,Begusarai,
,,Willenhall,Sonipat,
,,Pen-y-Bont ar Ogwr,Shrirampur,
,,Stretford,Hapur,
,,Neath,Ramgundam,
,,Kirkcaldy,Uluberiya,
,,Ashton,Puducherry,
,,Inverness,Porbandar,
,,Salisbury,Vizianagaram,
,,Ayr,Pali,
,,Wokingham,Nadiad,
,,Banbury,Nagercoil,
,,Hinckley,Karnal,
,,Coatbridge,Puri,
,,Chorley,Tanjore,
,,Kingswood,Secunderabad,
,,Kingston upon Thames,Sambhal,
,,Newbury,Shiliguri,
,,Llanelli,Naihati,
,,Ramsgate,Shimla,
,,Bishops Stortford,Kharagpur,
,,Aberdare,Dindigul,
,,Herne Bay,Ingraj Bazar,
,,Bletchley,Ongole,
,,Airdrie,Ellore,
,,Bridlington,Haldia,
,,Falkirk,Gurgaon,
,,Dover,Bulandshahr,
,,Hitchin,Baharampur,
,,Grantham,Chakradharpur,
,,Ewell,Madhyamgram,
,,Abingdon,Burhanpur,
,,Trowbridge,Khammam,
,,Rutherglen,Bhiwani,
,,Wigston Magna,Ghandinagar,
,,Lichfield,Hugli,
,,Ecclesfield,Mahbubnagar,
,,Brighouse,Nandyal,
,,Saint Neots,Raiganj,
,,Motherwell,Barakpur,
,,Chichester,Mahesana,
,,Wishaw,Batala,
,,Bromsgrove,Bhusaval,
,,Hertford,Bahraigh,
,,Harpenden,Tonk,
,,Cambuslang,Sirsa,
,,Rhyl,Jaunpur,
,,Longbridge,Dam Dam,
,,Bearsden,Madanapalle,
,,Shenley Brook End,Alleppey,
,,Billericay,Vellore,
,,Aldridge,Titagarh,
,,Upminster,Chandannagar,
,,Coulsdon,Cuddalore,
,,Newton Mearns,Chirala,
,,Rainham,Deo,
,,Bishop Auckland,Bidar,
,,Clydebank,Machilipatnam,
,,Market Harborough,Medinipur,
,,Droylsden,Baramula,
,,Plymstock,Fatehpur,
,,Stratton Saint Margaret,Tenali,
,,Arbroath,Udipi,
,,Oadby,Sitalpur,
,,Litherland,Conjeeveram,
,,Sheldon,Proddatur,
,,Bishopbriggs,Navsari,
,,Littleover,Godhra,
,,Huntingdon,Budaun,
,,Minster,Chittoor,
,,Maesteg,Krishnanagar,
,,Bathgate,Bharuch,
,,Truro,Saharsa,
,,Yate,Haripur,
,,Southbourne,Pathankot,
,,Leek,Vidisha,
,,Falmouth,Nalgonda,
,,Woodlesford,Balurghat,
,,Renfrew,Dibrugarh,
,,Leigh-on-Sea,Veraval,
,,Goodmayes,Fyzabad,
,,Penzance,Silchar,
,,Peterhead,Shantipur,
,,Bellshill,Hindupur,
,,Davyhulme,Erode,
,,Antrim,Beawar,
,,Frimley,Mauli,
,,Great Linford,Habra,
,,Maltby,Ambala,
,,Keynsham,Etah,
,,Broughty Ferry,Shillong,
,,Tonypandy,Kolar,
,,Hadleigh,Bhimavaram,
,,East Barnet,Mandsaur,
,,Dingle,Kumbakonam,
,,Bonnyrigg,Chicacole,
,,Fern Down,Tiruvannamalai,
,,Cosham,Mandya,
,,High Blantyre,Bankura,
,,Nailsea,Gondia,
,,Basford,Hassan,
,,Porthcawl,Pilibhit,
,,Milton,Palghat,
,,Hilsea,Palakollu,
,,Kilwinning,Abohar,
,,Woodhouse,Kanchrapara,
,,Kidbrooke,Hanumangarh,
,,Bingley,Hathras,
,,Maldon,Basirhat,
,,Fazakerley,Navadwip,
,,Larkhall,Guntakal,
,,Hatch End,Halisahar,
,,Deysbrook,Rishra,
,,Whickham,Baidyabati,
,,South Hayling,Dharmavaram,
,,Johnstone,Ghazipur,
,,Morriston,Puruliya,
,,Wombwell,Darjeeling,
,,Prestwick,Gudivada,
,,Hythe,Sopur,
,,Melksham,Adilabad,
,,Gornalwood,Narasaraopet,
,,Rosyth,Yavatmal,
,,Saffron Walden,Chittaurgarh,
,,Kidlington,Bansbaria,
,,Whitby,Siddipet,
,,Swinton,Valparai,
,,Harrow Weald,Osmanabad,
,,Tredegar,Champdani,
,,Ilkley,Khardah,
,,Ovenden,Bangaon,
,,Childwall,Tadpatri,
,,Shenley Church End,Islamabad,
,,Egg Buckland,Jalpaiguri,
,,Fraserburgh,Suriapet,
,,Walsall Wood,Tadepallegudem,
,,Bodmin,Kalyani,
,,Streetly,Negapatam,
,,Wollaston,Bundi,
,,Thorpe Saint Andrew,Bhadreswar,
,,Hawick,Chilakalurupet,
,,Wolverton,Port Blair,
,,Linlithgow,Gangtok,
,,Broadwater,Dhulian,
,,Milford Haven,Kohima,
,,Sutton on Hull,Marmagao,
,,Milngavie,Jangipur,
,,Southwick,Baj Baj,
,,Lye,Tanuku,
,,Thatto Heath,Siuri,
,,Blunsdon Saint Andrew,Tamluk,
,,Hoyland Nether,Bankra,
,,Giffnock,Nagari,
,,Blundellsands,Chakapara,
,,Earlestown,Itanagar,
,,Snaresbrook,Mundka,
,,Parkstone,Baruipur,
,,Cromer,Mandapeta,
,,Hollington,Bhimunipatnam,
,,Woolton,Pithapuram,
,,Sandridge,Amalapuram,
,,Abergavenny,Bodupal,
,,Warsop,Gobardanga,
,,Gourock,Diamond Harbour,
,,Forres,Daman,
,,Abertillery,Amudalavalasa,
,,Trentham,Kankuria,
,,Carnoustie,Pujali,
,,Tonyrefail,Chittaranjan,
,,Brislington,Panaji,
,,Oakham,Kaippakancheri,
,,Bishopstoke,Sankrail,
,,Kippax,Elesvaram,
,,Ryhope,Tarakeswar,
,,Glascote,Nibria,
,,Larbert,Kuli,
,,Lemington,Beldanga,
,,Henley on Thames,Saranga,
,,Tavistock,Jaynagar-Majilpur,
,,Horsell,Panchla,
,,Buckhurst Hill,Mamidalapadu,
,,Newport,Jalhalli,
,,Cupar,Poranki,
,,Stranraer,Sundararaopeta,
,,Longbenton,Bauria,
,,Wilnecote,Dumjor,
,,Inverurie,Mahiari,
,,Hellesdon,Mayahaura,
,,Broadstone,Dispur,
,,Roby,Malancha,
,,Nairn,Raghudebbati,
,,Ifield,Nahazari,
,,Amesbury,Giria,
,,Utley,Baharu,
,,Helston,Jagdispur,
,,Aberbargoed,Ramnagar,
,,Choppington,Jaypul,
,,Allington,Dogachi,
,,Chapeltown,Janai,
,,Shenfield,Bahagalpur,
,,Dunbar,Muragacha,
,,Warfield,Chandi,
,,Glenfield,Saktipur,
,,Broughton Astley,Bhabanipur,
,,Greenhill,Bandlaguda,
,,Cove,Begampur,
,,South Normanton,Amtala,
,,Kilsyth,Velivennu,
,,Saint Peters,Begampur,
,,Great Billing,Kalinagar,
,,Shephall,Natshal,
,,Boxley,Chaital,
,,Gedling,Dhamua,
,,Attleborough,Multi,
,,Bradwell,Chandpur,
,,Newbold,Sahapur,
,,Cam,Amgachia,
,,Leven,Laskarpar,
,,Dowlais,Nimpot,
,,Sandiacre,Harua,
,,Bolton upon Dearne,Nazira,
,,Church,Krishnapur,
,,Glastonbury,Nalpur,
,,Bonhill,Mahadipur,
,,Codsall,Iarpur,
,,Great Burstead,Raspunji,
,,Sundon,Nijgaon Paranpur,
,,Exhall,Ballalpur,
,,Bedwas,Kavaratti,
,,Bramley,Patra,
,,Marlborough,Chandnidaha,
,,Brimington,Nabagram,
,,Bucksburn,Hilora,
,,West Auckland,Imamnagar,
,,Gowerton,Serpur,
,,Harworth,Dignagar,
,,Monifieth,Palta,
,,Stopsley,Beonta,
,,Oban,Andharmanik,
,,Wickersley,Balbalpara,
,,Wistaston,Bhandardaha,
,,Crieff,Jajigram,
,,Torpoint,Alipur,
,,Bilton,Burul,
,,Warrenpoint,Purbba Ramnagar,
,,Whetstone,Bansabati,
,,Aintree,Bodai,
,,Brechin,Uttarbhag,
,,Duntocher,Gacha,
,,Llantwit Fardre,Gotra,
,,Harlescott,Bamanpukur,
,,Bothwell,Padmarha,
,,Uddingston,Ramkrishnapur,
,,Withernsea,Iswaripur,
,,Farington,Nadabhanga,
,,Kirkwall,Bishnupur,
,,Dyce,Bhasa,
,,Lexden,Bodra,
,,Lerwick,Tinsukia,
,,Sauchie,Khambhat,
,,Cheddar,Aurangabad,
,,Golcar,Chakdaha,
,,Altofts,Contai,
,,Bishopton,Rayachoti,
,,Broughton,Kavali,
,,Harleston,Mancheral,
,,Wotton-under-Edge,Kairana,
,,Bridge of Allan,Kadiri,
,,Freckleton,Madgaon,
,,Hengoed,Ootacamund,
,,Magor,Faridkot,
,,Balloch,Anakapalle,
,,Chickerell,Garulia,
,,Oundle,Sirsilla,
,,Dartmouth,Katoya,
,,Elderslie,Kamareddipet,
,,Brotton,Bolpur,
,,Brayton,Gumla,
,,Kinross,Simdega,
,,Whiston,Kottagudem,
,,Grangetown,Koch Bihar,
,,Heage,Bodhan,
,,Wakefield,Karur,
,,Oldham,Mangalagiri,
,,Bedford,Bapatla,
,,Southport,Markapur,
,,Halifax,Malaut,
,,Grimsby,Badvel,
,,Derry,Jorhat,
,,Redditch,Basavakalyan,
,,Stockton-on-Tees,Beypore,
,,Harlow,Bishnupur,
,,Eastleigh,Koratla,
,,Guildford,Pulivendla,
,,Shrewsbury,Alipur Duar,
,,Lisburn,Jaisalmer,
,,Stafford,Tadepalle,
,,Cannock,Gadwal,
,,Godalming,Jatani,
,,Maidenhead,Kodad,
,,Bognor Regis,Nawalgarh,
,,Woking,Armur,
,,Widnes,Jhargram,
,,Margate,Wanparti,
,,Halesowen,Chamrajnagar,
,,Aldershot,Ponnuru,
,,Canterbury,Chandralapadu,
,,Corby,Vinukonda,
,,Christchurch,Tezpur,
,,Keighley,Narasapur,
,,Livingston,Panskura,
,,Esher,Rampur Hat,
,,Clacton-on-Sea,Lonavale,
,,Smethwick,Samalkot,
,,Welwyn Garden City,Kalna,
,,Cwmbran,Kothapet,
,,Durham,Macherla,
,,Perth,Kandukur,
,,Kilmarnock,Sattenapalle,
,,King's Lynn,Bobbili,
,,Greenock,Vrindavan,
,,Bury Saint Edmunds,Gangarampur,
,,Glenrothes,Kandi,
,,Stirling,Belampalli,
,,Tonbridge,Pithoragarh,
,,Great Yarmouth,Puttur,
,,Port Talbot,Islampur,
,,Accrington,Punganuru,
,,Morecambe,Nandod,
,,Winchester,Palmaner,
,,Exmouth,Jalor,
,,Irvine,Kaliyaganj,
,,Warwick,Vikarabad,
,,Wisbech,Baduria,
,,Dumfries,Dholka,
,,Windsor,Tuni,
,,Whitstable,Jaggayyapeta,
,,Beverley,Venkatagiri,
,,Stanford le Hope,Sihor,
,,Witney,Jangaon,
,,Seaford,Mandamari,
,,Stratford-upon-Avon,Diu,
,,Thetford,Metpalli,
,,Jarrow,Repalle,
,,East Grinstead,Peddapuram,
,,Burntwood,Bhadrachalam,
,,Whitehaven,Ajodhya,
,,Farnham,Bhainsa,
,,Newton Abbot,Prattipadu,
,,Rickmansworth,Jasdan,
,,Newport,Vuyyuru,
,,Formby,Nandikotkur,
,,Elgin,Dhupgari,
,,Kirkintilloch,Jammalamadugu,
,,Darton,Rameswaram,
,,Omagh,Murshidabad,
,,South Ockendon,Sainthia,
,,Richmond,Charkhi Dadri,
,,Musselburgh,Nandigama,
,,Dumbarton,Nidadavole,
,,Cirencester,Addanki,
,,Ware,Nilothi,
,,Newmarket,Mahbubabad,
,,Ely,Berubari,
,,Dorchester,Akbarpur,
,,Eastwood,Karsiyang,
,,Goole,Rajgir,
,,Monkseaton,Nalhati,
,,Ebbw Vale,Memari,
,,Berkhampstead,Rajaori,
,,Fulwood,Pileru,
,,Almondbury,Peddapalli,
,,Sunbury,Naini Tal,
,,Harwich,Kovvur,
,,Portchester,Channarayapatna,
,,Glen Parva,Maihar,
,,Barrhead,Junnar,
,,Thornton,Kalimpong,
,,Heysham,Atmakur,
,,Broxburn,Solan,
,,Stanley,Vetapalem,
,,Haslemere,Taki,
,,Saint Andrews,Betamcherla,
,,Grangemouth,Penumur,
,,Northallerton,Dwarka,
,,Seacombe,Kadiyam,
,,Banbridge,Dubrajpur,
,,Denby Dale,Pathanamthitta,
,,Wyke,Sitalkuchi,
,,Bangor,Dalkola,
,,Penicuik,Ichchapuram,
,,Adwick le Street,Mahe,
,,Conwy,Kanigiri,
,,Lewes,Dinhata,
,,Hetton le Hole,Huzurnagar,
,,Alloa,Kodaikanal,
,,Ince-in-Makerfield,Udhampur,
,,Oswestry,Vempalle,
,,Matlock,Medchal,
,,Forfar,Uravakonda,
,,Swallownest,Guskhara,
,,Mackworth,Yellandu,
,,Port Glasgow,Giddalur,
,,Chellaston,Balarampur,
,,Winkfield,Angamali,
,,Dalkeith,Vemalwada,
,,Farnborough,Narsipatnam,
,,Penrith,Shrirangapattana,
,,Bo'ness,Shamsabad,
,,Teignmouth,Almora,
,,Troon,Kondapalle,
,,Cliftonville,Debagram,
,,Hamworthy,Fatehpur Sikri,
,,Helensburgh,Jamikunta,
,,Selston,Darsi,
,,Birstall,Umaria,
,,Fenton,Kovur,
,,Carluke,Erraguntla,
,,North Walsham,Naspur,
,,Flitwick,Kalyandrug,
,,Cowdenbeath,Mangur,
,,Bridgnorth,Tummapala,
,,Bryn,Pedana,
,,Aberystwyth,Pandua,
,,Galashiels,Lalgola,
,,Syston,Mussoorie,
,,Rushall,Margram,
,,Knowsley,Podili,
,,Beaconsfield,Uran,
,,Horndean,Mainaguri,
,,Saltcoats,Egra,
,,Elland,Leh,
,,Armadale,Chimakurti,
,,Bickenhill,Koratgi,
,,Tring,Garaimari,
,,Saint Ives,Devarkonda,
,,Cookstown,Pattikonda,
,,New Mills,Atmakur,
,,Wells,Sonamukhi,
,,Tranent,Khunti,
,,Montrose,Nakrekal,
,,Whitburn,Kodumur,
,,Southwick,Srungavarapukota,
,,Oswaldtwistle,Kalwakurti,
,,Torton,Banswada,
,,Sunninghill,Silvassa,
,,Hipperholme,Kotagiri,
,,Hexham,Ramanayyapeta,
,,Leatherhead,Tanguturu,
,,Whitchurch,Varandarapilli,
,,Great Harwood,Payakaraopeta,
,,Kingsnorth,Penukonda,
,,Stannington,Bandipura,
,,Burtonwood,Suluru,
,,Largs,Panchanandapur,
,,Stonehaven,Pamidi,
,,Methil,Gilarchat,
,,Soham,Guruzala,
,,Knowle,Narasannapeta,
,,Appleton,Chintalapudi,
,,Wooburn,Renigunta,
,,Shevington,Kottapeta,
,,Chesterfield,Raghunathpur,
,,Pencoed,Attili,
,,Euxton,Gajwel,
,,Caernarfon,Singarayakonda,
,,Southwater,Avanigadda,
,,Kingsteignton,Khed Brahma,
,,Ardrossan,Aklvidu,
,,Ludlow,Mogalturru,
,,Prestonpans,Balarampur,
,,Blairgowrie,Gorantla,
,,Buckie,Mummidivaram,
,,London Colney,Khajuraho,
,,Cumnock,Ashwaraopeta,
,,Ellon,Yadiki,
,,Padbury,Kosigi,
,,Annan,Chandrakona,
,,Fort William,Gauripur,
,,Yatton,Koilkuntla,
,,Tanfield,Bagula,
,,Crigglestone,Kulgam,
,,Narborough,Velugodu,
,,Aveley,Asafabad,
,,Hayle,Abu,
,,Holywell,Singur,
,,Worth,Curchorem,
,,Towcester,Pushkar,
,,Queensferry,Bukkarayasamudram,
,,Ferryhill,Ganapavaram,
,,Cobham,Pamarru,
,,Audley,Chagallu,
,,Bersted,Sarapaka,
,,Hockley,Pakala,
,,Carlton Colville,Maruturu,
,,Brandon,Husnabad,
,,Shinfield,Kuppam,
,,Binfield,Madakasira,
,,Dunblane,Mailavaram,
,,Stevenston,Tufanganj,
,,Sherborne,Nellimarla,
,,Shaftesbury,Kosgi,
,,Yaxley,Kaikalur,
,,Whitnash,Tehata,
,,Ystradgynlais,Parkal,
,,Haddington,Chagalamarri,
,,Oakengates,Umrapur,
,,Annfield Plain,Krishnapur,
,,Portlethen,Kattanam,
,,Windermere,Nizampatam,
,,Lanark,Gannavaram,
,,Warsash,Ghatkesar,
,,Old Colwyn,Palashi,
,,Great Cornard,Palkonda,
,,Stepps,Andal,
,,Peebles,Achampet,
,,Skewen,Banganapalle,
,,Kilbirnie,Kamalapuram,
,,Caister-on-Sea,Vinjamur,
,,Upholland,Karlapalem,
,,Norton Canes,Nalua,
,,Hughenden,Mundra,
,,Claygate,Chandragiri,
,,Paddock Wood,Marahra,
,,Canford Cliffs,Sompeta,
,,Kirk of Shotts,Belur,
,,Brecon,Kanniyakumari,
,,Lochgelly,Namburu,
,,Strathaven,Ramjibanpur,
,,Northam,Kakdwip,
,,Willerby,Kanekallu,
,,Dalton in Furness,Jhalida,
,,Goffs Oak,Jaggampeta,
,,Denny,Dharmsala,
,,Radcliffe on Trent,Somandepalle,
,,Hawkinge,Sirvar,
,,Frankley,Chinna Ganjam,
,,Thrapston,Srikhanda,
,,Kelty,Narapala,
,,West Thurrock,Badkulla,
,,Waltham,Chilkuru,
,,Seasalter,Chautapal,
,,Kingsbury,Rampur,
,,Wingerworth,Tiruvur,
,,Wilmington,Bhagabanpur,
,,Thurso,Jadcherla,
,,Bramcote,Mellacheruvu,
,,Banchory,Tadikonda,
,,Kinmel,Rajmahal,
,,Lossiemouth,Debipur,
,,Willesborough,Kulu,
,,Dunoon,Vissannapeta,
,,Hook,Kotta Kalidindi,
,,Watton,Vayalpad,
,,Longridge,Veldurti,
,,West Mersea,Maripad,
,,Treharris,Belakoba,
,,Church Gresley,Panchgram,
,,Treherbert,Inkollu,
,,Boultham,Manthani,
,,Wimborne Minster,Pernamitta,
,,North Berwick,Gokavaram,
,,Wardle,Kembhavi,
,,Drighlington,Phirangipuram,
,,Carlton,Kasimkota,
,,Countesthorpe,Dighirpar,
,,Galleywood,Dharmapuri,
,,Coxhoe,Challapalle,
,,Rhoose,Kottapeta,
,,Stewarton,Bahutal,
,,Locharbriggs,Penugonda,
,,Wick,Mahalandi,
,,Torrisholme,Gonegandla,
,,Shenstone,Gokarna,
,,Llandudno Junction,Rentachintala,
,,Southwell,Kamavarapukota,
,,Burntisland,Barnia,
,,Calverton,Ramayampet,
,,Humberston,Podalakur,
,,Crumlin,Chopadandi,
,,Herne,Khed,
,,Abersychan,Kompalle,
,,Nailsworth,Khirpai,
,,Sturry,Kolluru,
,,Farnham Royal,Mitrapur,
,,Muxton,Islampur,
,,Ash Vale,Bhagwangola,
,,Gorebridge,Galivedu,
,,Pinhoe,Raikal,
,,Houston,Kota,
,,Bollington,Chennur,
,,Marshfield,Sultanabad,
,,Gunton,Sanatikri,
,,Blythebridge,Tadikalapudi,
,,Deeping Saint James,Patapatnam,
,,Bonnybridge,Balkonda,
,,Newbridge,Porumamilla,
,,Ammanford,Kallur,
,,Loanhead,Udayagiri,
,,Stainforth,Kolakaluru,
,,Oakley,Vontimitta,
,,Weaverham,Seven Pagodas,
,,Great Wakering,Utnur,
,,Newton Grange,Undi,
,,Kelso,Hariharpara,
,,Billinge,Vijayapuri North,
,,Branston,Antarvedi,
,,Griffithstown,Viraghattam,
,,Battle,Chilamatturu,
,,Fishtoft,Maddikera,
,,Holmes Chapel,Tondangi,
,,Alexandria,Kambaduru,
,,Great Chart,Kohir,
,,Askern,Pyapali,
,,Landore,Haldibari,
,,Welshpool,Muttukuru,
,,Bannockburn,Cumbum,
,,Sandycroft,Relangi,
,,Ballingry,Konarka,
,,Chapelhall,Putaparti,
,,Twyford,Dattapulia,
,,South Molton,Bara,
,,Sawley,Antarvedipalem,
,,Illogan,Chipurupalle,
,,Looe,Kankipadu,
,,Wirksworth,Sindhnur,
,,Cwmafan,Yellareddi,
,,Skelton,Hanamsagar,
,,Stansted Mountfitchet,Cherrapunji,
,,Wheathampstead,Bikkavolu,
,,Danbury,Madanpur,
,,Kirriemuir,Holalagondi,
,,East Leake,Odlabari,
,,Treforest,Kottavalasa,
,,Haworth,Penuganchiprolu,
,,Pagham,Bhanukumari,
,,Blaby,Kottacheruvu,
,,Bursledon,Lingal,
,,Calstock,Korangal,
,,Abercarn,Dornakal,
,,Drayton,Barjora,
,,Sidley,Unguturu,
,,Girvan,Domkonda,
,,Headley,Karempudi,
,,Liss,Amaravati,
,,Newarthill,Belpukur,
,,Buntingford,Undrajavaram,
,,Stonewood,Daulatnagar,
,,Pinxton,Peddavadlapudi,
,,Glyncorrwg,Yedapalli,
,,Cuddington,Tezu,
,,Rowlands Gill,Duvva,
,,Orsett,Bhimadolu,
,,Broughton,Rajnagar,
,,Dingwall,Dundigal,
,,Swanwick,Sabang,
,,Colney Heath,Kumirimora,
,,Beith,Chityal,
,,Great Warley Street,Kathevaram,
,,Stoke Mandeville,Polavaram,
,,Blean,Champadanga,
,,Bramley,Kaladgi,
,,Axminster,Paruchuru,
,,East Preston,Ghoradal,
,,Botley,Uppada,
,,Alness,Nallajerla,
,,Cumnor,Amrabad,
,,Balerno,Ponduru,
,,Markfield,Sabbavaram,
,,Martlesham,Kollipara,
,,Bagshot,Patiram,
,,Cockenzie,Gopalnagar,
,,Wyke Regis,Kankandighi,
,,Hartford,Cossimbazar,
,,Selkirk,Panchgani,
,,Tidenham,Tirmaigiri,
,,Ore,Bichkunda,
,,Newmains,Kalikiri,
,,Wool,Peddakurapadu,
,,Stonehouse,Turbihal,
,,Hartley,Panjipara,
,,Neilston,Jami,
,,Nursling,Duvvuru,
,,Kings Langley,Venkatagirikota,
,,Bilton,Kumarkhali,
,,Cardenden,Domahani,
,,Polmont,Gurgunta,
,,Dalry,Lokapur,
,,Roundway,Kharar,
,,Holytown,Battulapalle,
,,Pinchbeck,Parigi,
,,East Calder,Kotra,
,,Edwinstowe,Mudhol,
,,Stornoway,Sirur,
,,Auchterarder,Kesabpur,
,,Gresford,Nagar,
,,Llangefni,Motkur,
,,Hunters Quay,Damarcherla,
,,Middleton-on-Sea,Kaviti,
,,Basing,Madugula,
,,Garswood,Karvetnagar,
,,Lea Town,Pebberu,
,,Sollom,Pittalavanipalem,
,,,Betma,
,,,Karedu,
,,,Dubak,
,,,Savalgi,
,,,Gundugolanu,
,,,Kankon,
,,,Chamarru,
,,,Namchi,
,,,Ichora,
,,,Gopalpur,
,,,Nandipeta,
,,,Buttayagudem,
,,,Doddanahalli,
,,,Duggirala,
,,,Sher Muhammadpuram,
,,,Ghambiraopet,
,,,Mangalkot,
,,,Khem Karan,
,,,Sonada,
,,,Bukkapatnam,
,,,Khargram,
,,,Fakirtaki,
,,,Prattipadu,
,,,Chennur,
,,,Antardipa,
,,,Tetagunta,
,,,Amarapuuram,
,,,Mirik,
,,,Kalipatnam,
,,,Biknur,
,,,Denduluru,
,,,Pedda Adsarlapalli,
,,,Tanakallu,
,,,Chebrolu,
,,,Allur,
,,,Ganapavaram,
,,,Lakhipur,
,,,Pedda Vegi,
,,,Falimari,
,,,Edlapadu,
,,,Doranala,
,,,Balupur,
,,,Krosuru,
,,,Bara Belun,
,,,Ambhua,
,,,Rudra Nagar,
,,,Kautalam,
,,,Karanchedu,
,,,Meghraj,
,,,Nagalapuram,
,,,Mayureswar,
,,,Narayanavanam,
,,,Talsur,
,,,Dammapeta,
,,,Kushmanchi,
,,,Owk,
,,,Kurabalakota,
,,,Nandavaram,
,,,Rajanagaram,
,,,Amarchinta,
,,,Kundurpi,
,,,Srikrishnapur,
,,,Kalakada,
,,,Orchha,
,,,Satyavedu,
,,,Muzaffarnagar,
,,,Fatehpur,
,,,Rambilli,
,,,Mortad,
,,,Ramchandrapur,
,,,Bhagirathpur,
,,,Konakondla,
,,,Kodmial,
,,,Kadur Sahib,
,,,Bhattiprolu,
,,,Sonakhal,
,,,Nekarikallu,
,,,Naliya,
,,,Ravutulapudi,
,,,Patrasaer,
,,,Perali,
,,,Galsi,
,,,Nalgora,
,,,Sankhavaram,
,,,Allahdurg,
,,,Kasba,
,,,Talupula,
,,,Rolla,
,,,Chota Mollakhali,
,,,Ganga Sagar,
,,,Kamargani,
,,,Draksharama,
,,,Pudimadaka,
,,,Nallamada,
,,,Ramabhadrapuram,
,,,Kamalapuram,
,,,Sangam,
,,,Nadendla,
,,,Petua,
,,,Besagarahalli,
,,,Chandur,
,,,Karapa,
,,,Akhnur,
,,,Janapul,
,,,Karimpur,
,,,Pragadavaram,
,,,Tripurantakam,
,,,Munagapaka,
,,,Chinnamandem,
,,,Kattipudi,
,,,Daulatpur,
,,,Ketugram,
,,,Koppaka,
,,,Gok,
,,,Gudlavalleru,
,,,Kotur,
,,,Komarolu,
,,,Valaparla,
,,,Jaipur,
,,,Paikpara,
,,,Narkatpalli,
,,,Lakkireddipalle,
,,,Khasbalanda,
,,,Telkapalli,
,,,Devanakonda,
,,,Potavaram,
,,,Para,
,,,Borgampad,
,,,Lepakshi,
,,,Kirlampudi,
,,,Samalpur,
,,,Somireddipalle,
,,,Mungod,
,,,Kottapalem,
,,,Ramannapeta,
,,,Dhantola,
,,,Lingampet,
,,,Reddigudem,
,,,Kanakpur,
,,,Datian,
,,,Srisailain,
,,,Panasapadu,
,,,Roddam,
,,,Kalinagar,
,,,Ganapavaram,
,,,Belagola,
,,,Manteswar,
,,,Bellamkonda,
,,,Bomareddipalli,
,,,Kilkunda,
,,,Tulin,
,,,Manubolu,
,,,Hadiaya,
,,,Honwada,
,,,Satgachia,
,,,Basudebpur,
,,,Elurupadu,
,,,Malior,
,,,Chunakhali,
,,,Muragacha,
,,,Panchgara,
,,,Gopalpur,
,,,Dhanwada,
,,,Kinhalu,
,,,Bilaspur,
,,,Chilakhana,
,,,Lakhya,
,,,Kalaikunda,
,,,Nutakki,
,,,Ahmadpur,
,,,Barwan,
,,,Santamaguluru,
,,,Dodarasinakere,
,,,Pagidyala,
,,,Zafargarh,
,,,Kathia,
,,,Kattamuru,
,,,Kaikaram,
,,,Konidena,
,,,Dunigram,
,,,Uppalaguptam,
,,,Muddanuru,
,,,Gandlapenta,
,,,Dumargram,
,,,Mashat,
,,,Uppugunduru,
,,,Udburu,
,,,Dattapara,
,,,Jujharpur,
,,,Bhogapuram,
,,,Kaliganj,
,,,Nirna,
,,,Damargidda,
,,,Ayas,
,,,Rajapudi,
,,,Durgi,
,,,Molagavalli,
,,,Bahira,
,,,Penaballi,
,,,Gorsa,
,,,Jajireddigudem,
,,,Nagayalanka,
,,,Maddur,
,,,Bishnupur,
,,,Saktigarh,
,,,Munagala,
,,,Kurichedu,
,,,Belakvadi,
,,,Nurpur,
,,,Bhaluka,
,,,Alipukur,
,,,Chaubaria,
,,,Kotabommali,
,,,Guttikonda,
,,,Dirusumarru,
,,,Kotalpur,
,,,Jigarhati,
,,,Tummalacheruvu,
,,,Dharmajigudem,
,,,Kovvali,
,,,Bhogalt,
,,,Maisaram,
,,,Hingalganj,
,,,Gudluru,
,,,Bandamurlanka,
,,,Kalicherla,
,,,Mustafabad,
,,,Channubanda,
,,,Islampur,
,,,Ranjal,
,,,Keregodu,
,,,Gampalagudem,
,,,Pullalacheruvu,
,,,Makkuva,
,,,Madnur,
,,,Harike,
,,,Adigoppula,
,,,Panuria,
,,,Chitvel,
,,,Talgachhi,
,,,Jagatballabhpur,
,,,Kismatpur,
,,,Kalkuni,
,,,Barasat,
,,,Teranikallu,
,,,Virapalle,
,,,Vidapanakallu,
,,,Navipet,
,,,Jasaikati,
,,,Bhagabatipur,
,,,Manipur,
,,,Raiparthi,
,,,Bagalvad,
,,,Bontapalli,
,,,Devarkadra,
,,,Garbham,
,,,Churulia,
,,,Anantasagaram,
,,,Yaragol,
,,,Penumaka,
,,,Chintakommadinne,
,,,Korukollu,
,,,Ginigera,
,,,Udramsar,
,,,Nakkapalle,
,,,Gangajalghati,
,,,Tungaturti,
,,,Majlispur,
,,,Peddapudi,
,,,Chikhli,
,,,Madnakal,
,,,Galgali,
,,,Kodakandla,
,,,Chandpur,
,,,Vidavaluru,
,,,Gummadidola,
,,,Khajuri,
,,,Tamballapalle,
,,,Ravinutala,
,,,Tekmal,
,,,Berghom,
,,,Vijayapuri South,
,,,Konada,
,,,Dignagar,
,,,Jagannathpur,
,,,Bibinagar,
,,,Venavanka,
,,,Rangampeta,
,,,Rodalkundi,
,,,Kotturu,
,,,Kethepalli,
,,,Dupadu,
,,,Chandipur,
,,,Maliara,
,,,Khandaghosh,
,,,Kirugavalu,
,,,Karatber,
,,,Kolleti Kota,
,,,Chiwemla,
,,,Takkellapadu,
,,,Dhanbela,
,,,Dommaranandyala,
,,,Anigandlapadu,
,,,Kavuluru,
,,,Danagalli,
,,,Naushahra Panwan,
,,,Nallacheruvu,
,,,Peddakadaburu,
,,,Palakurti,
,,,Timmapuram,
,,,Ravipadu,
,,,Lakhanpur,
,,,Pippara,
,,,Chiluvuru,
,,,Kaligiri,
,,,Mulakalacheruvu,
,,,Birkur,
,,,Gopalganj,
,,,Rebala,
,,,Nandivelugu,
,,,Bhatumra,
,,,Bhandarhati,
,,,Tulluru,
,,,Narayanpur,
,,,Niala Kondapalle,
,,,Yazali,
,,,Beraberi,
,,,Gopalpur,
,,,Mahishkuchi,
,,,Pedda Ganjam,
,,,Uchalon,
,,,Huliyurdurga,
,,,Nekunapuram,
,,,Pokuru,
,,,Bhadrapur,
,,,Manali,
,,,Mallepalli,
,,,Baruipara,
,,,Natavaram,
,,,Agali,
,,,Barua Gopalpur,
,,,Surampalle,
,,,Bara Bakra,
,,,Dhalpal,
,,,Bajanki,
,,,Garladinne,
,,,Hire Kotankal,
,,,Datura,
,,,Wajrakarur,
,,,Indrani,
,,,Pata Pandillapalle,
,,,Rajavommangi,
,,,Sante Kasalgere,
,,,Mundlapadu,
,,,Haripur,
,,,Bujang,
,,,Hatinda,
,,,Mantur,
,,,Kirnahar,
,,,Baireddipalle,
,,,Mathampalli,
,,,Pachipenta,
,,,Radhangar,
,,,Meliyaputtu,
,,,Baishata,
,,,Damaramadugu,
,,,Kruttivennu,
,,,Bestavarapeta,
,,,Namkhana,
,,,Muglispur,
,,,Sheakhala,
,,,Ramasamudram,
,,,Bargari,
,,,Chelyama,
,,,Palagara,
,,,Gura,
,,,Adwitnagar,
,,,Ponnaluru,
,,,Khatra,
,,,Belsur,
,,,Polaki,
,,,Yadamari,
,,,Chataparru,
,,,Mulaguntapadu,
,,,Nirmanvi,
,,,Raniganj,
,,,Krishnaranpur,
,,,Upputuru,
,,,Annaram,
,,,Simlapal,
,,,Gosanimari Bandar,
,,,Chinnakakani,
,,,Chilakapalem,
,,,Nigan,
,,,Bijnapalli,
,,,Pipa,
,,,Chandrasekharapuram,
,,,Chennekottapalle,
,,,Fatehpor,
,,,Mogallu,
,,,Beluguppa,
,,,Rajbari,
,,,Parakaram,
,,,Chevella,
,,,Karumanchi,
,,,Belluru,
,,,Bandi Atmakuru,
,,,Khanta,
,,,Kotauratla,
,,,Havaligi,
,,,Chintalavalasa,
,,,Polba,
,,,Mudinepalle,
,,,Kurupam,
,,,Hire Padsalgi,
,,,Valigonda,
,,,Sayampet,
,,,Sibkalinagar,
,,,Pedda Bhogila,
,,,Kodekal,
,,,Bagdaha,
,,,Umarpur,
,,,Battili,
,,,Katangur,
,,,Kunchanapalle,
,,,Kalingapatnam,
,,,Aspari,
,,,Nekkonda,
,,,Karalapadu,
,,,Rudravaram,
,,,Rangaipur,
,,,Cherukuru,
,,,Ramapur,
,,,Ramthenga,
,,,Devaruppal,
,,,Morta,
,,,Kennalu,
,,,Dhola,
,,,Bharatgarh,
,,,Digambarpur,
,,,Annavaram,
,,,Topla,
,,,Holavanhalli,
,,,Arakeri,
,,,Bagchara,
,,,Dornipadu,
,,,Kamarpalli,
,,,Lingasamudram,
,,,Mallarpur,
,,,Muppalla,
,,,Badampudi,
,,,Maipadu,
,,,Bagela,
,,,Kandrakota,
,,,Khopakati,
,,,Dwarapudi,
,,,Malkapuram,
,,,Mohanpur,
,,,Chaudepalle,
,,,Sasan,
,,,Madhura,
,,,Katak Chincholi,
,,,Amarkantak,
,,,Kalla,
,,,Salgundi,
,,,Kongal,
,,,Mohanpur,
,,,Lakkavaram,
,,,Vempa,
,,,Bantumilli,
,,,Kantalia,
,,,Rimbik,
,,,Morgim,
,,,Palhalli,
,,,Bondapalle,
,,,Pulipadu,
,,,Beliator,
,,,Paidipadu,
,,,Mandirtala,
,,,Kanaganapalle,
,,,Tipparti,
,,,Etikoppaka,
,,,Gadivemula,
,,,Tarachua,
,,,Kandlagunta,
,,,Mudivarti,
,,,Obuladevarcheruvu,
,,,Dariapur,
,,,Murarai,
,,,Maddipadu,
,,,Amadaguru,
,,,Kondavidu,
,,,Matsyapuri,
,,,Moragudi,
,,,Karimnagar,
,,,Timmapuram,
,,,Brahmanagudem,
,,,Hebbur,
,,,Elangi,
,,,Palsa,
,,,Ventrapragada,
,,,Mandadam,
,,,Kotananduru,
,,,Ellanuru,
,,,Sidhar,
,,,Baswa,
,,,Digalgram,
,,,Kandaran,
,,,Kavuru,
,,,Kasimpur,
,,,Balatgi,
,,,Banpur,
,,,Dumpagadapa,
,,,Racherla,
,,,Galaga,
,,,Mahurapur,
,,,Andimatam,
,,,Begunkudar,
,,,Kottapalle,
,,,Gobindapur,
,,,Kandgal,
,,,Tallacheruvu,
,,,Ramchandrapur,
,,,Manoharpur,
,,,Ratua,
,,,Raipur,
,,,Kodur,
,,,Natabari Hat,
,,,Bhelian,
,,,Nizampur,
,,,Baruva,
,,,Khulna,
,,,Kariali,
,,,Kyadgeri,
,,,Narathali,
,,,Jakranpalli,
,,,Nangli,
,,,Algur,
,,,Dodharye,
,,,Bandhkhola,
,,,Gavunipalli,
,,,Phulbari,
,,,Kanamarlapudi,
,,,Harispur,
,,,Peravali,
,,,Rentapalla,
,,,Kochcherla,
,,,Narendranagar,
,,,Ardavidu,
,,,Elakkurichchi,
,,,Mirkal,
,,,Sathaur,
,,,Varadayyapalaiyam,
,,,Jejur,
,,,Venkatakrishnarayapuram,
,,,Jhikra,
,,,Duttaluru,
,,,Durgapur,
,,,Khanta,
,,,Karavadi,
,,,Jagdeopur,
,,,Chapirevula,
,,,Somala,
,,,Mehegram,
,,,Khedra,
,,,Uppalapadu,
,,,Kukunuru,
,,,Onda,
,,,Muratpur,
,,,Pedda Nandipadu,
,,,Bhujabalapatnam,
,,,Chopra,
,,,Sandhwan,
,,,Talgram,
,,,Chinna Chintakunta,
,,,Bhastara,
,,,Ramakuppam,
,,,Kottakki,
,,,Nandigram,
,,,Harvi,
,,,Loutolim,
,,,Kuderu,
,,,Kalavalapalle,
,,,Kondramutla,
,,,Bajargaon,
,,,Pusapatirega,
,,,Kyalanur,
,,,Attota,
,,,Bisor,
,,,Sarenga,
,,,Kochara,
,,,Murikipudi,
,,,Medpalli,
,,,Khata,
,,,Musunuru,
,,,Timmasamudram,
,,,Chejerla,
,,,Nirman,
,,,Mirle,
,,,Radhanagar,
,,,Fatehpur,
,,,Bhulki,
,,,Ankapuram,
,,,Tarapur,
,,,Hatgacha,
,,,Kerimeri,
,,,Terlam,
,,,Sakkarepatna,
,,,Mungonda,
,,,Bandarlapalli,
,,,Bevur,
,,,Konanki,
,,,Ranasthalam,
,,,Birajnagar,
,,,Labpur,
,,,Tummurukota,
,,,Tondapi,
,,,Kothakota,
,,,Benior,
,,,Nandalur,
,,,Valluru,
,,,Kakumanu,
,,,Churakuti,
,,,Panagarh,
,,,Natalapadu,
,,,Ambarpeta,
,,,Majiyara,
,,,Goyamara,
,,,Pullampet,
,,,Masarkal,
,,,Sitarampuram,
,,,Gajapatinagaram,
,,,Hattikuni,
,,,Putalapattu,
,,,Kuvagam,
,,,Rhenok,
,,,Kondamanjuluru,
,,,Addatigala,
,,,Yelmanaid,
,,,Chillakur,
,,,Kotipalle,
,,,Kaldhari,
,,,Lingadahalli,
,,,Golugonda,
,,,Budhakhali,
,,,Kosuvaripalle,
,,,Pedda Orampadu,
,,,Jaldhoa,
,,,Kalmali,
,,,Gottipadu,
,,,Putluru,
,,,Kapileswarapuram,
,,,Utukur,
,,,Sabakpur,
,,,Piridi,
,,,Goli,
,,,Pogiri,
,,,Indiri,
,,,Barabari,
,,,Lingareddipalem,
,,,Singareni,
,,,Mejia,
,,,Tarlupadu,
,,,Gopavaram,
,,,Rayna,
,,,Tadimarri,
,,,Kistnapatam,
,,,Karepalli,
,,,Harirampur,
,,,Fatehgarh Panjtur,
,,,Pegadpalli,
,,,Chinna Pandraka,
,,,Matmari,
,,,Lakshmisagar,
,,,Kundapak,
,,,Kallankurichchi,
,,,Peddaravidu,
,,,Puncha,
,,,Gudipudi,
,,,Cherlagudipadu,
,,,Ramadugu,
,,,Gote,
,,,Vellalacheruvu,
,,,Komarada,
,,,Nujendla,
,,,Lansdowne,
,,,Dagadarti,
,,,Bhrigubanda,
,,,Kumargram,
,,,Basudha,
,,,Jukal,
,,,Mantada,
,,,Nambulapulikunta,
,,,Kunaparajuparva,
,,,Dandepalii,
,,,Dammalapadu,
,,,Vanamaladinne,
,,,Kalavakuru,
,,,Ramasamudram,
,,,Virannapalem,
,,,Sitampeta,
,,,Gudivakalanka,
,,,Hamidi,
,,,Gazulmandiyam,
,,,Burda,
,,,Gosaba,
,,,Mustur,
,,,Korukonda,
,,,Aripanthan,
,,,Maddikera Agraharam,
,,,Kolavennu,
,,,Chingarali,
,,,Veguru,
,,,Nandavaram,
,,,Nagareddipet,
,,,Chandragudem,
,,,Gorubathan,
,,,Thode,
,,,Rolugunta,
,,,Velagaleru,
,,,Sayipeta,
,,,Byadanur,
,,,Kulumur,
,,,Talamarla,
,,,Bandarupalle,
,,,Machareddi,
,,,Peddapasupula,
,,,Reddicherla,
,,,Manyapadu,
,,,Samse,
,,,Virapapur,
,,,Kasipet,
,,,Gundrevula,
,,,Rebna,
,,,Atluru,
,,,Tirupati,
,,,Rudravaram,
,,,Tuggali,
,,,Mulakalapalle,
,,,Somapalle,
,,,Mallavaram,
,,,Venkatapuram,